Workbook

Sheet Item Analysis
A1: Student Code | B1: Total Score | C1: Item 1 | D1: Item 2 | E1: Item 3 | F1: Item 4 | G1: Item 5 | H1: Item 6 | I1: Item 7 | J1: Item 8 | K1: Item 9 | L1: Item 10 | M1: Item 11 | N1: Item 12 | O1: Item 13 | P1: Item 14 | Q1: Item 15 | R1: Item 16 | S1: Item 17 | T1: Item 18 | U1: Item 19 | V1: Item 20 | W1: Item 21 | X1: Item 22 | Y1: Item 23 | Z1: Item 24 | AA1: Item 25 | AB1: Item 26 | AC1: Item 27 | AD1: Item 28 | AE1: Item 29 | AF1: Item 30
A2: STU-028 | B2: 30 | C2: 1 | D2: 1 | E2: 1 | F2: 1 | G2: 1 | H2: 1 | I2: 1 | J2: 1 | K2: 1 | L2: 1 | M2: 1 | N2: 1 | O2: 1 | P2: 1 | Q2: 1 | R2: 1 | S2: 1 | T2: 1 | U2: 1 | V2: 1 | W2: 1 | X2: 1 | Y2: 1 | Z2: 1 | AA2: 1 | AB2: 1 | AC2: 1 | AD2: 1 | AE2: 1 | AF2: 1
A3: STU-019 | B3: =SUM(C3:AF3) -> 27 | C3: 1 | D3: 1 | E3: 1 | F3: 1 | G3: 1 | H3: 1 | I3: 1 | J3: 1 | K3: 1 | L3: 1 | M3: 1 | N3: 1 | O3: 1 | P3: 1 | Q3: 1 | R3: 1 | S3: 1 | T3: 1 | U3: 1 | V3: 1 | W3: 1 | X3: 1 | Y3: 1 | Z3: 1 | AA3: 0 | AB3: 0 | AC3: 1 | AD3: 1 | AE3: 1 | AF3: 0
A4: STU-088 | B4: =SUM(C4:AF4) -> 27 | C4: 1 | D4: 1 | E4: 1 | F4: 1 | G4: 1 | H4: 1 | I4: 1 | J4: 1 | K4: 1 | L4: 1 | M4: 1 | N4: 1 | O4: 1 | P4: 1 | Q4: 1 | R4: 1 | S4: 1 | T4: 1 | U4: 1 | V4: 1 | W4: 1 | X4: 1 | Y4: 1 | Z4: 1 | AA4: 1 | AB4: 0 | AC4: 0 | AD4: 1 | AE4: 0 | AF4: 1
A5: STU-114 | B5: =SUM(C5:AF5) -> 27 | C5: 1 | D5: 1 | E5: 1 | F5: 1 | G5: 1 | H5: 1 | I5: 1 | J5: 1 | K5: 1 | L5: 1 | M5: 1 | N5: 1 | O5: 1 | P5: 1 | Q5: 1 | R5: 1 | S5: 1 | T5: 1 | U5: 0 | V5: 1 | W5: 1 | X5: 1 | Y5: 1 | Z5: 1 | AA5: 1 | AB5: 1 | AC5: 1 | AD5: 0 | AE5: 0 | AF5: 1
A6: STU-046 | B6: =SUM(C6:AF6) -> 26 | C6: 1 | D6: 1 | E6: 1 | F6: 1 | G6: 1 | H6: 1 | I6: 1 | J6: 1 | K6: 1 | L6: 1 | M6: 1 | N6: 1 | O6: 1 | P6: 0 | Q6: 0 | R6: 1 | S6: 1 | T6: 1 | U6: 1 | V6: 1 | W6: 1 | X6: 1 | Y6: 0 | Z6: 1 | AA6: 1 | AB6: 1 | AC6: 1 | AD6: 0 | AE6: 1 | AF6: 1
A7: STU-076 | B7: =SUM(C7:AF7) -> 26 | C7: 1 | D7: 1 | E7: 1 | F7: 1 | G7: 1 | H7: 1 | I7: 1 | J7: 1 | K7: 1 | L7: 1 | M7: 1 | N7: 1 | O7: 0 | P7: 1 | Q7: 1 | R7: 1 | S7: 1 | T7: 1 | U7: 1 | V7: 0 | W7: 1 | X7: 0 | Y7: 1 | Z7: 1 | AA7: 1 | AB7: 1 | AC7: 1 | AD7: 1 | AE7: 1 | AF7: 0
A8: STU-108 | B8: =SUM(C8:AF8) -> 26 | C8: 1 | D8: 1 | E8: 1 | F8: 1 | G8: 1 | H8: 1 | I8: 1 | J8: 1 | K8: 1 | L8: 1 | M8: 0 | N8: 1 | O8: 1 | P8: 1 | Q8: 1 | R8: 1 | S8: 0 | T8: 1 | U8: 0 | V8: 1 | W8: 1 | X8: 1 | Y8: 1 | Z8: 1 | AA8: 1 | AB8: 1 | AC8: 1 | AD8: 1 | AE8: 0 | AF8: 1
A9: STU-005 | B9: =SUM(C9:AF9) -> 25 | C9: 1 | D9: 1 | E9: 1 | F9: 1 | G9: 1 | H9: 1 | I9: 1 | J9: 1 | K9: 1 | L9: 1 | M9: 1 | N9: 1 | O9: 1 | P9: 1 | Q9: 1 | R9: 1 | S9: 1 | T9: 1 | U9: 1 | V9: 1 | W9: 1 | X9: 1 | Y9: 0 | Z9: 1 | AA9: 1 | AB9: 1 | AC9: 0 | AD9: 0 | AE9: 0 | AF9: 0
A10: STU-091 | B10: =SUM(C10:AF10) -> 25 | C10: 1 | D10: 1 | E10: 1 | F10: 1 | G10: 1 | H10: 1 | I10: 0 | J10: 1 | K10: 1 | L10: 1 | M10: 1 | N10: 1 | O10: 1 | P10: 1 | Q10: 1 | R10: 0 | S10: 1 | T10: 1 | U10: 1 | V10: 1 | W10: 1 | X10: 1 | Y10: 1 | Z10: 1 | AA10: 1 | AB10: 1 | AC10: 1 | AD10: 0 | AE10: 0 | AF10: 0
A11: STU-098 | B11: =SUM(C11:AF11) -> 25 | C11: 1 | D11: 1 | E11: 1 | F11: 1 | G11: 1 | H11: 1 | I11: 1 | J11: 1 | K11: 1 | L11: 0 | M11: 1 | N11: 1 | O11: 1 | P11: 1 | Q11: 1 | R11: 1 | S11: 1 | T11: 1 | U11: 1 | V11: 1 | W11: 0 | X11: 1 | Y11: 0 | Z11: 1 | AA11: 1 | AB11: 0 | AC11: 1 | AD11: 1 | AE11: 0 | AF11: 1
A12: STU-014 | B12: =SUM(C12:AF12) -> 23 | C12: 1 | D12: 1 | E12: 1 | F12: 1 | G12: 1 | H12: 1 | I12: 1 | J12: 1 | K12: 1 | L12: 1 | M12: 1 | N12: 1 | O12: 1 | P12: 1 | Q12: 1 | R12: 1 | S12: 1 | T12: 1 | U12: 1 | V12: 0 | W12: 0 | X12: 0 | Y12: 1 | Z12: 1 | AA12: 0 | AB12: 1 | AC12: 0 | AD12: 0 | AE12: 1 | AF12: 0
A13: STU-043 | B13: =SUM(C13:AF13) -> 23 | C13: 1 | D13: 1 | E13: 1 | F13: 1 | G13: 1 | H13: 1 | I13: 1 | J13: 1 | K13: 1 | L13: 1 | M13: 1 | N13: 1 | O13: 1 | P13: 1 | Q13: 1 | R13: 1 | S13: 1 | T13: 1 | U13: 0 | V13: 1 | W13: 1 | X13: 1 | Y13: 0 | Z13: 0 | AA13: 1 | AB13: 1 | AC13: 0 | AD13: 0 | AE13: 0 | AF13: 0
A14: STU-069 | B14: =SUM(C14:AF14) -> 23 | C14: 1 | D14: 1 | E14: 1 | F14: 1 | G14: 1 | H14: 1 | I14: 1 | J14: 1 | K14: 1 | L14: 1 | M14: 1 | N14: 1 | O14: 1 | P14: 1 | Q14: 1 | R14: 0 | S14: 1 | T14: 1 | U14: 0 | V14: 1 | W14: 1 | X14: 1 | Y14: 1 | Z14: 1 | AA14: 0 | AB14: 0 | AC14: 0 | AD14: 0 | AE14: 1 | AF14: 0
... A121: STU-055 | B121: =SUM(C121:AF121) -> 0 | C121: 0 | D121: 0 | E121: 0 | F121: 0 | G121: 0 | H121: 0 | I121: 0 | J121: 0 | K121: 0 | L121: 0 | M121: 0 | N121: 0 | O121: 0 | P121: 0 | Q121: 0 | R121: 0 | S121: 0 | T121: 0 | U121: 0 | V121: 0 | W121: 0 | X121: 0 | Y121: 0 | Z121: 0 | AA121: 0 | AB121: 0 | AC121: 0 | AD121: 0 | AE121: 0 | AF121: 0
C122: =SUM(C2:C121) -> 105 | D122: =SUM(D2:D121) -> 100 | E122: =SUM(E2:E121) -> 100 | F122: =SUM(F2:F121) -> 93 | G122: =SUM(G2:G121) -> 102 | H122: =SUM(H2:H121) -> 95 | I122: =SUM(I2:I121) -> 99 | J122: =SUM(J2:J121) -> 96 | ... AF122: =SUM(AF2:AF121) -> 9
A123: ITEM ANALYSIS & PSYCHOMETRIC METRICS (UPPER / LOWER 27% RULE)
A124: Upper Group Correct (Ru) | C124: =SUM(C2:C33) -> 32 | D124: =SUM(D2:D33) -> 32 | E124: =SUM(E2:E33) -> 30 | F124: =SUM(F2:F33) -> 32 | G124: =SUM(G2:G33) -> 32 | H124: =SUM(H2:H33) -> 28 | I124: =SUM(I2:I33) -> 30 | J124: =SUM(J2:J33) -> 32 | ... AF124: =SUM(AF2:AF33) -> 7
A125: Lower Group Correct (Rl) | C125: =SUM(C90:C121) -> 20 | D125: =SUM(D90:D121) -> 18 | E125: =SUM(E90:E121) -> 16 | F125: =SUM(F90:F121) -> 14 | G125: =SUM(G90:G121) -> 16 | H125: =SUM(H90:H121) -> 18 | I125: =SUM(I90:I121) -> 18 | J125: =SUM(J90:J121) -> 13 | ... AF125: =SUM(AF90:AF121) -> 0
A126: Difficulty Index (P) | C126: =C122/120 -> 0.875 | D126: =D122/120 -> 0.83333333 | E126: =E122/120 -> 0.83333333 | F126: =F122/120 -> 0.775 | G126: =G122/120 -> 0.85 | H126: =H122/120 -> 0.79166667 | I126: =I122/120 -> 0.825 | J126: =J122/120 -> 0.8 | ... AF126: =AF122/120 -> 0.075
A127: Difficulty Level | C127: =IF(C126>=0.71, "Easy", IF(C126>=0.3, "Average", "Difficult")) -> Easy | D127: =IF(D126>=0.71, "Easy", IF(D126>=0.3, "Average", "Difficult")) -> Easy | E127: =IF(E126>=0.71, "Easy", IF(E126>=0.3, "Average", "Difficult")) -> Easy | F127: =IF(F126>=0.71, "Easy", IF(F126>=0.3, "Average", "Difficult")) -> Easy | G127: =IF(G126>=0.71, "Easy", IF(G126>=0.3, "Average", "Difficult")) -> Easy | H127: =IF(H126>=0.71, "Easy", IF(H126>=0.3, "Average", "Difficult")) -> Easy | I127: =IF(I126>=0.71, "Easy", IF(I126>=0.3, "Average", "Difficult")) -> Easy | J127: =IF(J126>=0.71, "Easy", IF(J126>=0.3, "Average", "Difficult")) -> Easy | ... AF127: =IF(AF126>=0.71, "Easy", IF(AF126>=0.3, "Average", "Difficult")) -> Difficult
A128: Discrimination Index (D) | C128: =(C124-C125)/32 -> 0.375 | D128: =(D124-D125)/32 -> 0.4375 | E128: =(E124-E125)/32 -> 0.4375 | F128: =(F124-F125)/32 -> 0.5625 | G128: =(G124-G125)/32 -> 0.5 | H128: =(H124-H125)/32 -> 0.3125 | I128: =(I124-I125)/32 -> 0.375 | J128: =(J124-J125)/32 -> 0.59375 | ... AF128: =(AF124-AF125)/32 -> 0.21875
A129: Discrimination Quality | C129: =IF(C128<=-0.5, "Questionable", IF(C128<=0.45, "Non-discriminating", IF(C128<=1, "Discriminating", ""))) -> Non-discriminating | D129: =IF(D128<=-0.5, "Questionable", IF(D128<=0.45, "Non-discriminating", IF(D128<=1, "Discriminating", ""))) -> Non-discriminating | E129: =IF(E128<=-0.5, "Questionable", IF(E128<=0.45, "Non-discriminating", IF(E128<=1, "Discriminating", ""))) -> Non-discriminating | F129: =IF(F128<=-0.5, "Questionable", IF(F128<=0.45, "Non-discriminating", IF(F128<=1, "Discriminating", ""))) -> Discriminating | G129: =IF(G128<=-0.5, "Questionable", IF(G128<=0.45, "Non-discriminating", IF(G128<=1, "Discriminating", ""))) -> Discriminating | H129: =IF(H128<=-0.5, "Questionable", IF(H128<=0.45, "Non-discriminating", IF(H128<=1, "Discriminating", ""))) -> Non-discriminating | I129: =IF(I128<=-0.5, "Questionable", IF(I128<=0.45, "Non-discriminating", IF(I128<=1, "Discriminating", ""))) -> Non-discriminating | J129: =IF(J128<=-0.5, "Questionable", IF(J128<=0.45, "Non-discriminating", IF(J128<=1, "Discriminating", ""))) -> Discriminating | ... AF129: =IF(AF128<=-0.5, "Questionable", IF(AF128<=0.45, "Non-discriminating", IF(AF128<=1, "Discriminating", ""))) -> Non-discriminating
A130: Recommended Action | C130: =IF(C128<=-0.5, "Discard", IF(C128<=0.45, "Revise", IF(C128<=1, "Retain", ""))) -> Revise | D130: =IF(D128<=-0.5, "Discard", IF(D128<=0.45, "Revise", IF(D128<=1, "Retain", ""))) -> Revise | E130: =IF(E128<=-0.5, "Discard", IF(E128<=0.45, "Revise", IF(E128<=1, "Retain", ""))) -> Revise | F130: =IF(F128<=-0.5, "Discard", IF(F128<=0.45, "Revise", IF(F128<=1, "Retain", ""))) -> Retain | G130: =IF(G128<=-0.5, "Discard", IF(G128<=0.45, "Revise", IF(G128<=1, "Retain", ""))) -> Retain | H130: =IF(H128<=-0.5, "Discard", IF(H128<=0.45, "Revise", IF(H128<=1, "Retain", ""))) -> Revise | I130: =IF(I128<=-0.5, "Discard", IF(I128<=0.45, "Revise", IF(I128<=1, "Retain", ""))) -> Revise | J130: =IF(J128<=-0.5, "Discard", IF(J128<=0.45, "Revise", IF(J128<=1, "Retain", ""))) -> Retain | ... AF130: =IF(AF128<=-0.5, "Discard", IF(AF128<=0.45, "Revise", IF(AF128<=1, "Retain", ""))) -> Revise

Sheet Summary of Results
A1: Difficulty | B1: Number | C1: Discrimination | D1: Number
A5: Easy | B5: 9 | C5: Questionable | D5: 0
A6: Average | B6: 14 | C6: Non-Discriminating | D6: 10
A7: Difficult | B7: 7 | C7: Discriminating | D7: 20

Sheet Reliability
A1: Student Code | B1: Pre-Test | C1: Post-Test | D1: Comptency 1 Items 1-10 | E1: Competency 2 items 11-20 | F1: Competency 3 Items 21-30
A2: STU-001 | B2: 15 | C2: 18 | D2: =SUM(Scores!D2:M2) -> 7 | E2: =SUM(Scores!N2:W2) -> 5 | F2: =SUM(Scores!X2:AG2) -> 3
A3: STU-002 | B3: 3 | C3: 18 | D3: =SUM(Scores!D3:M3) -> 3 | E3: =SUM(Scores!N3:W3) -> 0 | F3: =SUM(Scores!X3:AG3) -> 0
A4: STU-003 | B4: 17 | C4: 18 | D4: =SUM(Scores!D4:M4) -> 10 | E4: =SUM(Scores!N4:W4) -> 4 | F4: =SUM(Scores!X4:AG4) -> 2
A5: STU-004 | B5: 17 | C5: 21 | D5: =SUM(Scores!D5:M5) -> 9 | E5: =SUM(Scores!N5:W5) -> 5 | F5: =SUM(Scores!X5:AG5) -> 2
A6: STU-005 | B6: 25 | C6: 21 | D6: =SUM(Scores!D6:M6) -> 10 | E6: =SUM(Scores!N6:W6) -> 10 | F6: =SUM(Scores!X6:AG6) -> 4
A7: STU-006 | B7: 16 | C7: 18 | D7: =SUM(Scores!D7:M7) -> 8 | E7: =SUM(Scores!N7:W7) -> 5 | F7: =SUM(Scores!X7:AG7) -> 2
A8: STU-007 | B8: 12 | C8: 18 | D8: =SUM(Scores!D8:M8) -> 9 | E8: =SUM(Scores!N8:W8) -> 2 | F8: =SUM(Scores!X8:AG8) -> 0
A9: STU-008 | B9: 3 | C9: 18 | D9: =SUM(Scores!D9:M9) -> 2 | E9: =SUM(Scores!N9:W9) -> 1 | F9: =SUM(Scores!X9:AG9) -> 0
A10: STU-009 | B10: 20 | C10: 18 | D10: =SUM(Scores!D10:M10) -> 9 | E10: =SUM(Scores!N10:W10) -> 7 | F10: =SUM(Scores!X10:AG10) -> 3
A11: STU-010 | B11: 11 | C11: 18 | D11: =SUM(Scores!D11:M11) -> 6 | E11: =SUM(Scores!N11:W11) -> 4 | F11: =SUM(Scores!X11:AG11) -> 0
A12: STU-011 | B12: 15 | C12: 18 | D12: =SUM(Scores!D12:M12) -> 9 | E12: =SUM(Scores!N12:W12) -> 4 | F12: =SUM(Scores!X12:AG12) -> 1
A13: STU-012 | B13: 9 | C13: 18 | D13: =SUM(Scores!D13:M13) -> 6 | E13: =SUM(Scores!N13:W13) -> 2 | F13: =SUM(Scores!X13:AG13) -> 0
... A121: STU-120 | B121: 16 | C121: 19 | D121: =SUM(Scores!D121:M121) -> 7 | E121: =SUM(Scores!N121:W121) -> 6 | F121: =SUM(Scores!X121:AG121) -> 2
A123: Pre-test and Post -Test | B123: =CORREL(B2:B121, C2:C121) -> 0.68426403
A124: C1 AND C2 | B124: =CORREL(D2:D121, E2:E121) -> 0.63525255
A125: C2 AND C3 | B125: =CORREL(E2:E121, F2:F121) -> 0.67368036
A126: C1 AND C3 | B126: =CORREL(D2:D121, F2:F121) -> 0.53891132
A129: Interpretation For Pre-test and Post-Test | B129: =IF(B123<=0.19, "Negligible relationship", IF(B123<=0.39, "Weak relationship", IF(B123<=0.59, "Substantial relationship", IF(B123<=0.79, "Strong relationship", IF(B123<=1, "Very strong relationship", ""))))) -> Strong relationship | D129: The questions from the pre-test did not deviate much from the questions of the post-test which means that the questions are valid. This means that the post-test can truly measure the learning of the students and the decision is to retain said items.
A130: Action | B130: =IF(B123<=0.19, "Replace", IF(B123<=0.39, "Review", IF(B123<=1, "Retain", ""))) -> Retain

Sheet Scores
A1: Student Code | B1: Total Score | C1: Item 1 | D1: Item 2 | E1: Item 3 | F1: Item 4 | G1: Item 5 | H1: Item 6 | I1: Item 7 | J1: Item 8 | K1: Item 9 | L1: Item 10 | M1: Item 11 | N1: Item 12 | O1: Item 13 | P1: Item 14 | Q1: Item 15 | R1: Item 16 | S1: Item 17 | T1: Item 18 | U1: Item 19 | V1: Item 20 | W1: Item 21 | X1: Item 22 | Y1: Item 23 | Z1: Item 24 | AA1: Item 25 | AB1: Item 26 | AC1: Item 27 | AD1: Item 28 | AE1: Item 29 | AF1: Item 30
A2: STU-001 | B2: =SUM(C2:AF2) -> 15 | C2: 0 | D2: 1 | E2: 1 | F2: 1 | G2: 1 | H2: 0 | I2: 0 | J2: 1 | K2: 1 | L2: 1 | M2: 0 | N2: 0 | O2: 0 | P2: 1 | Q2: 1 | R2: 1 | S2: 0 | T2: 0 | U2: 1 | V2: 1 | W2: 0 | X2: 1 | Y2: 0 | Z2: 0 | AA2: 1 | AB2: 0 | AC2: 1 | AD2: 0 | AE2: 0 | AF2: 0
A3: STU-002 | B3: =SUM(C3:AF3) -> 3 | C3: 0 | D3: 0 | E3: 0 | F3: 0 | G3: 0 | H3: 1 | I3: 1 | J3: 0 | K3: 0 | L3: 0 | M3: 1 | N3: 0 | O3: 0 | P3: 0 | Q3: 0 | R3: 0 | S3: 0 | T3: 0 | U3: 0 | V3: 0 | W3: 0 | X3: 0 | Y3: 0 | Z3: 0 | AA3: 0 | AB3: 0 | AC3: 0 | AD3: 0 | AE3: 0 | AF3: 0
A4: STU-003 | B4: =SUM(C4:AF4) -> 17 | C4: 1 | D4: 1 | E4: 1 | F4: 1 | G4: 1 | H4: 1 | I4: 1 | J4: 1 | K4: 1 | L4: 1 | M4: 1 | N4: 0 | O4: 1 | P4: 1 | Q4: 0 | R4: 0 | S4: 0 | T4: 1 | U4: 1 | V4: 0 | W4: 0 | X4: 0 | Y4: 0 | Z4: 0 | AA4: 1 | AB4: 0 | AC4: 0 | AD4: 1 | AE4: 0 | AF4: 0
A5: STU-004 | B5: =SUM(C5:AF5) -> 17 | C5: 1 | D5: 1 | E5: 1 | F5: 1 | G5: 1 | H5: 1 | I5: 1 | J5: 1 | K5: 1 | L5: 0 | M5: 1 | N5: 0 | O5: 1 | P5: 1 | Q5: 0 | R5: 1 | S5: 0 | T5: 1 | U5: 0 | V5: 1 | W5: 0 | X5: 1 | Y5: 1 | Z5: 0 | AA5: 0 | AB5: 0 | AC5: 0 | AD5: 0 | AE5: 0 | AF5: 0
A6: STU-005 | B6: =SUM(C6:AF6) -> 25 | C6: 1 | D6: 1 | E6: 1 | F6: 1 | G6: 1 | H6: 1 | I6: 1 | J6: 1 | K6: 1 | L6: 1 | M6: 1 | N6: 1 | O6: 1 | P6: 1 | Q6: 1 | R6: 1 | S6: 1 | T6: 1 | U6: 1 | V6: 1 | W6: 1 | X6: 1 | Y6: 0 | Z6: 1 | AA6: 1 | AB6: 1 | AC6: 0 | AD6: 0 | AE6: 0 | AF6: 0
A7: STU-006 | B7: =SUM(C7:AF7) -> 16 | C7: 1 | D7: 1 | E7: 1 | F7: 1 | G7: 1 | H7: 0 | I7: 1 | J7: 1 | K7: 1 | L7: 0 | M7: 1 | N7: 1 | O7: 1 | P7: 0 | Q7: 0 | R7: 0 | S7: 0 | T7: 1 | U7: 1 | V7: 1 | W7: 0 | X7: 0 | Y7: 1 | Z7: 1 | AA7: 0 | AB7: 0 | AC7: 0 | AD7: 0 | AE7: 0 | AF7: 0
A8: STU-007 | B8: =SUM(C8:AF8) -> 12 | C8: 1 | D8: 0 | E8: 1 | F8: 1 | G8: 1 | H8: 1 | I8: 1 | J8: 1 | K8: 1 | L8: 1 | M8: 1 | N8: 0 | O8: 0 | P8: 0 | Q8: 1 | R8: 0 | S8: 1 | T8: 0 | U8: 0 | V8: 0 | W8: 0 | X8: 0 | Y8: 0 | Z8: 0 | AA8: 0 | AB8: 0 | AC8: 0 | AD8: 0 | AE8: 0 | AF8: 0
A9: STU-008 | B9: =SUM(C9:AF9) -> 3 | C9: 0 | D9: 0 | E9: 0 | F9: 0 | G9: 1 | H9: 0 | I9: 0 | J9: 1 | K9: 0 | L9: 0 | M9: 0 | N9: 0 | O9: 0 | P9: 0 | Q9: 0 | R9: 0 | S9: 0 | T9: 1 | U9: 0 | V9: 0 | W9: 0 | X9: 0 | Y9: 0 | Z9: 0 | AA9: 0 | AB9: 0 | AC9: 0 | AD9: 0 | AE9: 0 | AF9: 0
A10: STU-009 | B10: =SUM(C10:AF10) -> 20 | C10: 1 | D10: 1 | E10: 1 | F10: 1 | G10: 1 | H10: 0 | I10: 1 | J10: 1 | K10: 1 | L10: 1 | M10: 1 | N10: 1 | O10: 1 | P10: 1 | Q10: 1 | R10: 1 | S10: 1 | T10: 0 | U10: 1 | V10: 0 | W10: 0 | X10: 0 | Y10: 0 | Z10: 0 | AA10: 0 | AB10: 0 | AC10: 1 | AD10: 1 | AE10: 1 | AF10: 0
A11: STU-010 | B11: =SUM(C11:AF11) -> 11 | C11: 1 | D11: 0 | E11: 1 | F11: 1 | G11: 1 | H11: 0 | I11: 1 | J11: 1 | K11: 1 | L11: 0 | M11: 0 | N11: 0 | O11: 1 | P11: 0 | Q11: 0 | R11: 1 | S11: 0 | T11: 1 | U11: 0 | V11: 0 | W11: 1 | X11: 0 | Y11: 0 | Z11: 0 | AA11: 0 | AB11: 0 | AC11: 0 | AD11: 0 | AE11: 0 | AF11: 0
A12: STU-011 | B12: =SUM(C12:AF12) -> 15 | C12: 1 | D12: 1 | E12: 1 | F12: 1 | G12: 1 | H12: 1 | I12: 1 | J12: 1 | K12: 1 | L12: 1 | M12: 0 | N12: 0 | O12: 0 | P12: 1 | Q12: 1 | R12: 0 | S12: 1 | T12: 0 | U12: 0 | V12: 1 | W12: 0 | X12: 0 | Y12: 0 | Z12: 0 | AA12: 0 | AB12: 0 | AC12: 0 | AD12: 1 | AE12: 0 | AF12: 0
A13: STU-012 | B13: =SUM(C13:AF13) -> 9 | C13: 1 | D13: 1 | E13: 0 | F13: 0 | G13: 1 | H13: 1 | I13: 1 | J13: 0 | K13: 1 | L13: 1 | M13: 0 | N13: 0 | O13: 0 | P13: 0 | Q13: 0 | R13: 1 | S13: 1 | T13: 0 | U13: 0 | V13: 0 | W13: 0 | X13: 0 | Y13: 0 | Z13: 0 | AA13: 0 | AB13: 0 | AC13: 0 | AD13: 0 | AE13: 0 | AF13: 0
... A28: STU-027 | B28: =SUM(C28:AF28) -> 14 | C28: 1 | D28: 1 | E28: 1 | F28: 1 | G28: 1 | H28: 1 | I28: 1 | J28: 1 | K28: 1 | L28: 0 | M28: 0 | N28: 0 | O28: 1 | P28: 0 | Q28: 1 | R28: 0 | S28: 0 | T28: 0 | U28: 1 | V28: 0 | W28: 1 | X28: 0 | Y28: 1 | Z28: 0 | AA28: 0 | AB28: 0 | AC28: 0 | AD28: 0 | AE28: 0 | AF28: 0
A29: STU-028 | B29: 30 | C29: 1 | D29: 1 | E29: 1 | F29: 1 | G29: 1 | H29: 1 | I29: 1 | J29: 1 | K29: 1 | L29: 1 | M29: 1 | N29: 1 | O29: 1 | P29: 1 | Q29: 1 | R29: 1 | S29: 1 | T29: 1 | U29: 1 | V29: 1 | W29: 1 | X29: 1 | Y29: 1 | Z29: 1 | AA29: 1 | AB29: 1 | AC29: 1 | AD29: 1 | AE29: 1 | AF29: 1
A30: STU-029 | B30: =SUM(C30:AF30) -> 13 | C30: 1 | D30: 1 | E30: 1 | F30: 0 | G30: 1 | H30: 1 | I30: 1 | J30: 1 | K30: 1 | L30: 1 | M30: 1 | N30: 1 | O30: 1 | P30: 0 | Q30: 0 | R30: 0 | S30: 0 | T30: 0 | U30: 0 | V30: 0 | W30: 0 | X30: 0 | Y30: 0 | Z30: 0 | AA30: 0 | AB30: 0 | AC30: 0 | AD30: 0 | AE30: 0 | AF30: 1
A31: STU-030 | B31: =SUM(C31:AF31) -> 6 | C31: 1 | D31: 1 | E31: 1 | F31: 0 | G31: 0 | H31: 0 | I31: 0 | J31: 0 | K31: 0 | L31: 0 | M31: 0 | N31: 1 | O31: 0 | P31: 0 | Q31: 0 | R31: 1 | S31: 0 | T31: 1 | U31: 0 | V31: 0 | W31: 0 | X31: 0 | Y31: 0 | Z31: 0 | AA31: 0 | AB31: 0 | AC31: 0 | AD31: 0 | AE31: 0 | AF31: 0
A32: STU-031 | B32: =SUM(C32:AF32) -> 11 | C32: 0 | D32: 1 | E32: 0 | F32: 1 | G32: 1 | H32: 1 | I32: 0 | J32: 1 | K32: 1 | L32: 1 | M32: 1 | N32: 0 | O32: 1 | P32: 0 | Q32: 0 | R32: 1 | S32: 0 | T32: 0 | U32: 0 | V32: 0 | W32: 0 | X32: 0 | Y32: 0 | Z32: 0 | AA32: 0 | AB32: 0 | AC32: 1 | AD32: 0 | AE32: 0 | AF32: 0
A33: STU-032 | B33: =SUM(C33:AF33) -> 16 | C33: 1 | D33: 1 | E33: 1 | F33: 0 | G33: 1 | H33: 1 | I33: 1 | J33: 1 | K33: 1 | L33: 0 | M33: 1 | N33: 1 | O33: 1 | P33: 1 | Q33: 1 | R33: 1 | S33: 1 | T33: 0 | U33: 1 | V33: 0 | W33: 0 | X33: 0 | Y33: 0 | Z33: 0 | AA33: 0 | AB33: 0 | AC33: 0 | AD33: 0 | AE33: 0 | AF33: 0
A34: STU-033 | B34: =SUM(C34:AF34) -> 7 | C34: 0 | D34: 0 | E34: 1 | F34: 1 | G34: 1 | H34: 0 | I34: 1 | J34: 1 | K34: 0 | L34: 0 | M34: 1 | N34: 0 | O34: 0 | P34: 0 | Q34: 0 | R34: 0 | S34: 0 | T34: 0 | U34: 0 | V34: 0 | W34: 0 | X34: 0 | Y34: 0 | Z34: 0 | AA34: 0 | AB34: 1 | AC34: 0 | AD34: 0 | AE34: 0 | AF34: 0
A35: STU-034 | B35: =SUM(C35:AF35) -> 11 | C35: 1 | D35: 0 | E35: 0 | F35: 0 | G35: 1 | H35: 1 | I35: 1 | J35: 1 | K35: 1 | L35: 0 | M35: 0 | N35: 1 | O35: 0 | P35: 1 | Q35: 1 | R35: 0 | S35: 1 | T35: 0 | U35: 0 | V35: 0 | W35: 0 | X35: 0 | Y35: 0 | Z35: 0 | AA35: 0 | AB35: 1 | AC35: 0 | AD35: 0 | AE35: 0 | AF35: 0
A36: STU-035 | B36: =SUM(C36:AF36) -> 20 | C36: 1 | D36: 1 | E36: 1 | F36: 1 | G36: 1 | H36: 1 | I36: 1 | J36: 1 | K36: 1 | L36: 1 | M36: 1 | N36: 1 | O36: 0 | P36: 1 | Q36: 1 | R36: 1 | S36: 1 | T36: 1 | U36: 0 | V36: 0 | W36: 0 | X36: 0 | Y36: 1 | Z36: 1 | AA36: 0 | AB36: 0 | AC36: 1 | AD36: 0 | AE36: 0 | AF36: 0
A37: STU-036 | B37: =SUM(C37:AF37) -> 17 | C37: 1 | D37: 1 | E37: 1 | F37: 1 | G37: 1 | H37: 1 | I37: 1 | J37: 1 | K37: 1 | L37: 1 | M37: 1 | N37: 0 | O37: 1 | P37: 1 | Q37: 1 | R37: 0 | S37: 1 | T37: 0 | U37: 0 | V37: 0 | W37: 1 | X37: 0 | Y37: 1 | Z37: 0 | AA37: 0 | AB37: 0 | AC37: 0 | AD37: 0 | AE37: 0 | AF37: 0
A38: STU-037 | B38: =SUM(C38:AF38) -> 15 | C38: 1 | D38: 1 | E38: 1 | F38: 0 | G38: 1 | H38: 1 | I38: 1 | J38: 1 | K38: 1 | L38: 1 | M38: 1 | N38: 1 | O38: 1 | P38: 1 | Q38: 0 | R38: 0 | S38: 0 | T38: 0 | U38: 0 | V38: 0 | W38: 0 | X38: 1 | Y38: 0 | Z38: 0 | AA38: 0 | AB38: 0 | AC38: 0 | AD38: 0 | AE38: 1 | AF38: 0
A39: STU-038 | B39: =SUM(C39:AF39) -> 14 | C39: 1 | D39: 1 | E39: 1 | F39: 1 | G39: 0 | H39: 1 | I39: 0 | J39: 1 | K39: 1 | L39: 1 | M39: 1 | N39: 1 | O39: 0 | P39: 0 | Q39: 1 | R39: 1 | S39: 0 | T39: 0 | U39: 0 | V39: 1 | W39: 0 | X39: 0 | Y39: 0 | Z39: 1 | AA39: 0 | AB39: 0 | AC39: 0 | AD39: 0 | AE39: 0 | AF39: 0
A40: STU-039 | B40: =SUM(C40:AF40) -> 18 | C40: 1 | D40: 1 | E40: 1 | F40: 1 | G40: 1 | H40: 1 | I40: 1 | J40: 1 | K40: 1 | L40: 0 | M40: 1 | N40: 1 | O40: 1 | P40: 1 | Q40: 1 | R40: 1 | S40: 0 | T40: 1 | U40: 1 | V40: 0 | W40: 0 | X40: 0 | Y40: 0 | Z40: 0 | AA40: 0 | AB40: 1 | AC40: 0 | AD40: 0 | AE40: 0 | AF40: 0
A41: STU-040 | B41: =SUM(C41:AF41) -> 14 | C41: 0 | D41: 1 | E41: 1 | F41: 1 | G41: 1 | H41: 1 | I41: 1 | J41: 0 | K41: 1 | L41: 1 | M41: 1 | N41: 0 | O41: 0 | P41: 0 | Q41: 1 | R41: 0 | S41: 0 | T41: 1 | U41: 1 | V41: 0 | W41: 1 | X41: 0 | Y41: 0 | Z41: 0 | AA41: 1 | AB41: 0 | AC41: 0 | AD41: 0 | AE41: 0 | AF41: 0
... A121: STU-120 | B121: =SUM(C121:AF121) -> 16 | C121: 1 | D121: 0 | E121: 1 | F121: 1 | G121: 1 | H121: 0 | I121: 1 | J121: 1 | K121: 1 | L121: 1 | M121: 0 | N121: 0 | O121: 1 | P121: 1 | Q121: 1 | R121: 0 | S121: 1 | T121: 1 | U121: 1 | V121: 0 | W121: 0 | X121: 1 | Y121: 0 | Z121: 0 | AA121: 1 | AB121: 0 | AC121: 0 | AD121: 0 | AE121: 0 | AF121: 0
C122: =SUM(C2:C121) -> 105 | D122: =SUM(D2:D121) -> 100 | E122: =SUM(E2:E121) -> 100 | F122: =SUM(F2:F121) -> 93 | G122: =SUM(G2:G121) -> 102 | H122: =SUM(H2:H121) -> 95 | I122: =SUM(I2:I121) -> 99 | J122: =SUM(J2:J121) -> 96 | ... AF122: =SUM(AF2:AF121) -> 9
A123: ITEM ANALYSIS & PSYCHOMETRIC METRICS (UPPER / LOWER 27% RULE)
A124: Upper Group Correct (Ru) | C124: =SUM(C2:C33) -> 26 | D124: =SUM(D2:D33) -> 27 | E124: =SUM(E2:E33) -> 26 | F124: =SUM(F2:F33) -> 21 | G124: =SUM(G2:G33) -> 26 | H124: =SUM(H2:H33) -> 23 | I124: =SUM(I2:I33) -> 24 | J124: =SUM(J2:J33) -> 25 | ... AF124: =SUM(AF2:AF33) -> 2
A125: Lower Group Correct (Rl) | C125: =SUM(C90:C121) -> 29 | D125: =SUM(D90:D121) -> 25 | E125: =SUM(E90:E121) -> 27 | F125: =SUM(F90:F121) -> 25 | G125: =SUM(G90:G121) -> 27 | H125: =SUM(H90:H121) -> 24 | I125: =SUM(I90:I121) -> 27 | J125: =SUM(J90:J121) -> 24 | ... AF125: =SUM(AF90:AF121) -> 5
A126: Difficulty Index (P) | C126: =C122/120 -> 0.875 | D126: =D122/120 -> 0.83333333 | E126: =E122/120 -> 0.83333333 | F126: =F122/120 -> 0.775 | G126: =G122/120 -> 0.85 | H126: =H122/120 -> 0.79166667 | I126: =I122/120 -> 0.825 | J126: =J122/120 -> 0.8 | ... AF126: =AF122/120 -> 0.075
A127: Difficulty Level | C127: =IF(C126>=0.71, "Easy", IF(C126>=0.3, "Average", "Difficult")) -> Easy | D127: =IF(D126>=0.71, "Easy", IF(D126>=0.3, "Average", "Difficult")) -> Easy | E127: =IF(E126>=0.71, "Easy", IF(E126>=0.3, "Average", "Difficult")) -> Easy | F127: =IF(F126>=0.71, "Easy", IF(F126>=0.3, "Average", "Difficult")) -> Easy | G127: =IF(G126>=0.71, "Easy", IF(G126>=0.3, "Average", "Difficult")) -> Easy | H127: =IF(H126>=0.71, "Easy", IF(H126>=0.3, "Average", "Difficult")) -> Easy | I127: =IF(I126>=0.71, "Easy", IF(I126>=0.3, "Average", "Difficult")) -> Easy | J127: =IF(J126>=0.71, "Easy", IF(J126>=0.3, "Average", "Difficult")) -> Easy | ... AF127: =IF(AF126>=0.71, "Easy", IF(AF126>=0.3, "Average", "Difficult")) -> Difficult
A128: Discrimination Index (D) | C128: =(C124-C125)/32 -> -0.09375 | D128: =(D124-D125)/32 -> 0.0625 | E128: =(E124-E125)/32 -> -0.03125 | F128: =(F124-F125)/32 -> -0.125 | G128: =(G124-G125)/32 -> -0.03125 | H128: =(H124-H125)/32 -> -0.03125 | I128: =(I124-I125)/32 -> -0.09375 | J128: =(J124-J125)/32 -> 0.03125 | ... AF128: =(AF124-AF125)/32 -> -0.09375
A129: Discrimination Quality | C129: =IF(C128<=-0.5, "Questionable", IF(C128<=0.45, "Non-discriminating", IF(C128<=1, "Discriminating", ""))) -> Non-discriminating | D129: =IF(D128<=-0.5, "Questionable", IF(D128<=0.45, "Non-discriminating", IF(D128<=1, "Discriminating", ""))) -> Non-discriminating | E129: =IF(E128<=-0.5, "Questionable", IF(E128<=0.45, "Non-discriminating", IF(E128<=1, "Discriminating", ""))) -> Non-discriminating | F129: =IF(F128<=-0.5, "Questionable", IF(F128<=0.45, "Non-discriminating", IF(F128<=1, "Discriminating", ""))) -> Non-discriminating | G129: =IF(G128<=-0.5, "Questionable", IF(G128<=0.45, "Non-discriminating", IF(G128<=1, "Discriminating", ""))) -> Non-discriminating | H129: =IF(H128<=-0.5, "Questionable", IF(H128<=0.45, "Non-discriminating", IF(H128<=1, "Discriminating", ""))) -> Non-discriminating | I129: =IF(I128<=-0.5, "Questionable", IF(I128<=0.45, "Non-discriminating", IF(I128<=1, "Discriminating", ""))) -> Non-discriminating | J129: =IF(J128<=-0.5, "Questionable", IF(J128<=0.45, "Non-discriminating", IF(J128<=1, "Discriminating", ""))) -> Non-discriminating | ... AF129: =IF(AF128<=-0.5, "Questionable", IF(AF128<=0.45, "Non-discriminating", IF(AF128<=1, "Discriminating", ""))) -> Non-discriminating
A130: Recommended Action | C130: =IF(C128<=-0.5, "Discard", IF(C128<=0.45, "Revise", IF(C128<=1, "Retain", ""))) -> Revise | D130: =IF(D128<=-0.5, "Discard", IF(D128<=0.45, "Revise", IF(D128<=1, "Retain", ""))) -> Revise | E130: =IF(E128<=-0.5, "Discard", IF(E128<=0.45, "Revise", IF(E128<=1, "Retain", ""))) -> Revise | F130: =IF(F128<=-0.5, "Discard", IF(F128<=0.45, "Revise", IF(F128<=1, "Retain", ""))) -> Revise | G130: =IF(G128<=-0.5, "Discard", IF(G128<=0.45, "Revise", IF(G128<=1, "Retain", ""))) -> Revise | H130: =IF(H128<=-0.5, "Discard", IF(H128<=0.45, "Revise", IF(H128<=1, "Retain", ""))) -> Revise | I130: =IF(I128<=-0.5, "Discard", IF(I128<=0.45, "Revise", IF(I128<=1, "Retain", ""))) -> Revise | J130: =IF(J128<=-0.5, "Discard", IF(J128<=0.45, "Revise", IF(J128<=1, "Retain", ""))) -> Revise | ... AF130: =IF(AF128<=-0.5, "Discard", IF(AF128<=0.45, "Revise", IF(AF128<=1, "Retain", ""))) -> Revise
